/*
 Navicat Premium Data Transfer

 Source Server         : bxc_work
 Source Server Type    : MySQL
 Source Server Version : 80018
 Source Host           : localhost:3306
 Source Schema         : news

 Target Server Type    : MySQL
 Target Server Version : 80018
 File Encoding         : 65001

 Date: 05/01/2020 19:15:52
*/

SET NAMES utf8mb4;
SET FOREIGN_KEY_CHECKS = 0;

-- ----------------------------
-- Table structure for agree
-- ----------------------------
DROP TABLE IF EXISTS `agree`;
CREATE TABLE `agree`  (
  `id` int(10) NOT NULL AUTO_INCREMENT,
  `type` varchar(10) CHARACTER SET utf8 COLLATE utf8_general_ci NULL DEFAULT NULL,
  `agreeid` varchar(10) CHARACTER SET utf8 COLLATE utf8_general_ci NULL DEFAULT NULL,
  `userid` varchar(50) CHARACTER SET utf8 COLLATE utf8_general_ci NULL DEFAULT NULL,
  `pudate` varchar(50) CHARACTER SET utf8 COLLATE utf8_general_ci NULL DEFAULT NULL,
  PRIMARY KEY (`id`) USING BTREE
) ENGINE = InnoDB AUTO_INCREMENT = 471 CHARACTER SET = utf8 COLLATE = utf8_general_ci ROW_FORMAT = Dynamic;

-- ----------------------------
-- Records of agree
-- ----------------------------
INSERT INTO `agree` VALUES (451, '1', '419', '0:0:0:0:0:0:0:1', '20191209152851');
INSERT INTO `agree` VALUES (453, NULL, NULL, '0:0:0:0:0:0:0:1', '20191210104217');
INSERT INTO `agree` VALUES (455, '1', '424', '0:0:0:0:0:0:0:1', '20191230130022');
INSERT INTO `agree` VALUES (456, '1', '426', '0:0:0:0:0:0:0:1', '20191230130027');
INSERT INTO `agree` VALUES (457, '1', '420', '0:0:0:0:0:0:0:1', '20191230130039');
INSERT INTO `agree` VALUES (458, '1', '421', '0:0:0:0:0:0:0:1', '20191230130040');
INSERT INTO `agree` VALUES (459, '1', '423', '0:0:0:0:0:0:0:1', '20191230130042');
INSERT INTO `agree` VALUES (460, '1', '427', '0:0:0:0:0:0:0:1', '20191230141300');
INSERT INTO `agree` VALUES (461, '1', '428', '0:0:0:0:0:0:0:1', '20191230141301');
INSERT INTO `agree` VALUES (465, '1', '434', '0:0:0:0:0:0:0:1', '20200102130755');
INSERT INTO `agree` VALUES (466, '1', '438', '0:0:0:0:0:0:0:1', '20200102144404');
INSERT INTO `agree` VALUES (469, '1', '433', '0:0:0:0:0:0:0:1', '20200102144454');
INSERT INTO `agree` VALUES (470, '1', '435', '0:0:0:0:0:0:0:1', '20200103192537');

-- ----------------------------
-- Table structure for discuss
-- ----------------------------
DROP TABLE IF EXISTS `discuss`;
CREATE TABLE `discuss`  (
  `id` int(10) NOT NULL AUTO_INCREMENT,
  `type` varchar(10) CHARACTER SET utf8 COLLATE utf8_general_ci NULL DEFAULT NULL,
  `discussid` varchar(10) CHARACTER SET utf8 COLLATE utf8_general_ci NULL DEFAULT NULL,
  `content` blob NULL,
  `userid` varchar(50) CHARACTER SET utf8 COLLATE utf8_general_ci NULL DEFAULT NULL,
  `pudate` varchar(50) CHARACTER SET utf8 COLLATE utf8_general_ci NULL DEFAULT NULL,
  `agree` varchar(20) CHARACTER SET utf8 COLLATE utf8_general_ci NULL DEFAULT NULL,
  PRIMARY KEY (`id`) USING BTREE
) ENGINE = InnoDB AUTO_INCREMENT = 440 CHARACTER SET = utf8 COLLATE = utf8_general_ci ROW_FORMAT = Dynamic;

-- ----------------------------
-- Records of discuss
-- ----------------------------
INSERT INTO `discuss` VALUES (417, '0', '121', 0x3F3F3F3F3F3F3F3F3F3F3F3F3F3F3F3F3F, '网友From 0', '20191205094309', '0');
INSERT INTO `discuss` VALUES (418, '0', '121', 0x3F3F3F3F3F, '网友From null', '20191205115417', '0');
INSERT INTO `discuss` VALUES (419, '0', '172', 0x3F3F3F3F3F3F3F3F3F3F3F3F3F3F3F3F3F3F3F3F3F3F6F28282667743B3F266C743B2029296F, 'BAUM', '20191205170004', '1');
INSERT INTO `discuss` VALUES (420, '0', '172', 0x3C703E63616E277420737065616B204368696E6573653F4D617962652049206E65656420746F206368616E67652074686520656E636F64696E6720746F207574662D383F4D617962652E2E2E3C2F703E, '网友From 0', '20191205170410', '1');
INSERT INTO `discuss` VALUES (421, '0', '172', 0x3C703E2A546865206D6573736167652066756E6374696F6E207374696C6C206E6565647320746F20626520696D70726F766564203F3C2F703E, '网友From 0', '20191205170543', '1');
INSERT INTO `discuss` VALUES (422, '0', '175', 0x492066696E642061204275672E2E2E2E2E2E5768793F3F3F3F3F3F3F3F3F, 'BXC', '20191205172106', '0');
INSERT INTO `discuss` VALUES (423, '0', '172', 0x3C696D67207372633D22687474703A2F2F6C6F63616C686F73743A383038302F6E6577737075626C69736873797374656D2F7265736F75726365732F6C617975692F696D616765732F666163652F312E6769662220616C743D225B3F3F5D223E4C4554204D45205452592041204E45572046554E4354494F4E, '网友From null', '20191206151125', '1');
INSERT INTO `discuss` VALUES (424, '0', '174', 0x746869732069732061206D6573736167653F, '网友From null', '20191211135810', '1');
INSERT INTO `discuss` VALUES (425, '0', '179', 0x574841542054484520554F68672126616D703B7465282A292A28215E686A786C61213739313F3F3F3F3F3F3F3F3F3F3F3F3F3F3F3F3F, '啵啵啵宝宝', '20191217150426', '0');
INSERT INTO `discuss` VALUES (426, '0', '173', 0x3C703E3F3F3F3F3C2F703E3C703E3F3F3F3C2F703E, '网友From 0', '20191225151032', '1');
INSERT INTO `discuss` VALUES (427, '1', '421', 0x3F3F313233, '网友From 0', '20191230131124', '1');
INSERT INTO `discuss` VALUES (428, '1', '421', 0x576861743F3F3F3F3F, '网友From 0', '20191230131206', '1');
INSERT INTO `discuss` VALUES (429, '0', '172', 0x3F3F3F, '网友From 0', '20191230131222', '0');
INSERT INTO `discuss` VALUES (430, '0', '172', 0x3F3F3F, '网友From 0', '20191230132445', '0');
INSERT INTO `discuss` VALUES (431, '0', '172', 0x3F3F3F3F3F3F3F3F3F3F3F3F3F3F3F3F3F3F3F3F3F3F3F3F3F3F3F3F3F3F3F, '网友From 0', '20191230134725', '0');
INSERT INTO `discuss` VALUES (432, '0', '189', 0xE8AF84E8AEBAE58FAFE4BBA5E698AFE4B8ADE69687E4BA86EFBC81EFBC81EFBC81, '网友From 0', '20200102130534', '0');
INSERT INTO `discuss` VALUES (433, '1', '432', 0xE8808CE4B894E58FAFE4BBA5E59B9EE5A48DE4BDA0, '网友From null', '20200102130653', '1');
INSERT INTO `discuss` VALUES (434, '0', '189', 0xE68891E698AFE58FA6E5A496E4B880E4B8AAE794A8E688B7, 'Baum', '20200102130732', '1');
INSERT INTO `discuss` VALUES (435, '1', '434', 0xE68891E4B99FE7BB99E4BDA0E59B9EE5A48DE4B880E4B8AA, '网友From 0', '20200102130817', '1');
INSERT INTO `discuss` VALUES (436, '0', '192', 0x3C703E3C696D67207372633D2268747470733A2F2F74696D6773612E62616964752E636F6D2F74696D673F696D61676526616D703B7175616C6974793D383026616D703B73697A653D62393939395F313030303026616D703B7365633D3135373739353631353332333826616D703B64693D643338383639653661353137323135336233313762386634383566663363363126616D703B696D67747970653D3026616D703B7372633D68747470253341253246253246622D73736C2E64756974616E672E636F6D25324675706C6F616473253246626C6F67253246323031363031253246323025324632303136303132303231353730365F356A4B41762E7468756D622E3730305F302E6A706567223E3C2F703E, '网友From 0', '20200102142121', '0');
INSERT INTO `discuss` VALUES (437, '1', '436', 0xE982A3E4B988E79C8BE69DA5626C6F62E58FAFE4BBA5E68F90E4BAA4E59BBEE78987, '网友From 0', '20200102142222', '0');
INSERT INTO `discuss` VALUES (438, '0', '189', 0x3C703EE8808CE4B894626C6F62E58FAFE4BBA5E68F90E4BAA4E59BBEE789873C2F703E3C703E3C696D67207372633D22687474703A2F2F696D67352E696D67746E2E6264696D672E636F6D2F69742F753D333437343835343336302C3230363938393031323926616D703B666D3D323626616D703B67703D302E6A7067223E3C2F703E, '网友From 0', '20200102144354', '1');
INSERT INTO `discuss` VALUES (439, '0', '194', 0xE6B58BE8AF95E79599E8A880, '死海古卷2.0', '20200102170307', '0');

-- ----------------------------
-- Table structure for news
-- ----------------------------
DROP TABLE IF EXISTS `news`;
CREATE TABLE `news`  (
  `id` int(10) NOT NULL AUTO_INCREMENT,
  `img` varchar(100) CHARACTER SET utf8 COLLATE utf8_general_ci NULL DEFAULT NULL,
  `title` varchar(50) CHARACTER SET utf8 COLLATE utf8_general_ci NULL DEFAULT NULL,
  `content` blob NULL,
  `type` varchar(10) CHARACTER SET utf8 COLLATE utf8_general_ci NULL DEFAULT NULL,
  `author` int(11) NULL DEFAULT NULL,
  `pudate` varchar(50) CHARACTER SET utf8 COLLATE utf8_general_ci NULL DEFAULT NULL,
  `click` varchar(20) CHARACTER SET utf8 COLLATE utf8_general_ci NULL DEFAULT NULL,
  PRIMARY KEY (`id`) USING BTREE,
  INDEX `author`(`author`) USING BTREE,
  CONSTRAINT `news_ibfk_1` FOREIGN KEY (`author`) REFERENCES `user` (`id`) ON DELETE RESTRICT ON UPDATE RESTRICT
) ENGINE = InnoDB AUTO_INCREMENT = 196 CHARACTER SET = utf8 COLLATE = utf8_general_ci ROW_FORMAT = Dynamic;

-- ----------------------------
-- Records of news
-- ----------------------------
INSERT INTO `news` VALUES (171, '20191205\\20191205_1652579.jpg', '新求生者-邮差', 0x3C703E3C7370616E3EE696B0E6B182E7949FE880852DE982AEE5B7AE3C2F7370616E3E3C62723E3C7370616E3EE38090E8818CE4B89AE38091E982AEE5B7AE3C2F7370616E3E3C62723E3C62723E3C7370616E3EE38090E5A793E5908DE38091E7BBB4E5858BE5A49AC2B7E8919BE585B0E585B93C2F7370616E3E3C62723E3C62723E3C7370616E3EE38090E789B9E8B4A8E380913C2F7370616E3E3C62723E3C7370616E3E31E38081E8A786E7BABFE68190E683A73C2F7370616E3E3C62723E3C7370616E3E32E38081E7A4BEE4BAA4E99A9CE7A28D3C2F7370616E3E3C62723E3C7370616E3E33E38081E783ADE5BF83E882A03C2F7370616E3E3C62723E3C7370616E3E34E38081E6B289E9BB983C2F7370616E3E3C62723E3C62723E3C7370616E3EE38090E4BABAE789A9E7AE80E4BB8BE380913C2F7370616E3E3C62723E3C7370616E3EE59CA8266C743BE7ACACE4BA94E8AEBEE8AEA1E5B8882667743BE585A5E98089E88085E58E9FE69CACE79A84E8AEBEE5AE9AE4B8ADEFBC8CE982AEE5B7AEE8838CE699AFE79A84E79BB8E585B3E68F8FE8BFB0E5A682E4B88BEFBC9A3C2F7370616E3E3C62723E3C62723E3C7370616E3EE7BBB4E5858BE5A49AC2B7E8919BE585B0E585B9EFBC8CE4B880E4B8AAE8A18CE4B8BAE680AAE5BC82E79A84E982AEE5B7AEE380823C2F7370616E3E3C62723E3C7370616E3EE4B88EE4BABAE4BBACE5AFB9E982AEE5B7AEE79A84E4B880E8B4AFE58DB0E8B1A1E4B88DE5908CEFBC8CE4BB96E4B88DE59684E8A880E8BE9EEFBC8CE58F88E4B88DE788B1E4B88EE4BABAE4BAA4E6B581EFBC8CE4B88DE8BF87E5BE97E79B8AE4BA8EE4BB96E59CA8E4B880E59CBAE781ABE781BEE4B8ADE79A84E88BB1E58B87E8A1A8E78EB0EFBC8CE4BABAE4BBACE5AFB9E7BBB4E5858BE5A49AE4BFA1E4BBBBE69C89E58AA0E380823C2F7370616E3E3C62723E3C7370616E3EE59CA8E694B6E588B0E4B880E5B081E5A587E680AAE79A84E4BFA1E4BBB6E5908EEFBC8CE58FA4E680AAE79A84E5A5BDE4BABAE7BBB4E5858BE5A49AE8B88FE4B88AE4BA86E5898DE5BE80E6ACA7E588A9E89282E4B89DE5BA84E59BADE79A84E69785E98094E380823C2F7370616E3E3C62723E3C62723E3C7370616E3EE4B8BAE4BA86E5B086E982AEE5B7AEE8BF99E4BD8DE696B0E69C8BE58F8BE69BB4E5A5BDE59CB0E89E8DE585A5E68891E4BBACE79A84E69585E4BA8BE4B8ADEFBC8CE697A0E8AEBAE698AFE68A80E883BDE8BF98E698AFE8AEBEE5AE9AEFBC8CE68891E4BBACE983BDE8BF9BE8A18CE4BA86E8BF9BE4B880E6ADA5E79A84E5AE8CE59684EFBC8CE4BDBFE8A792E889B2E69BB4E58AA0E8B4B4E59088E6B8B8E6888FEFBC9A3C2F7370616E3E3C62723E3C62723E3C7370616E3EE7BBB4E5858BE5A49AE698AFE4B8AAE58FA4E680AAE79A84E794B7E5ADA9EFBC8CE4BB96E4B88DE59684E8A880E8BE9EEFBC8CE5AEB3E68095E4B88EE4BABAE4BAA4E6B581E38082E6AF94E8B5B7E5928CE4BABAE79BB8E5A484EFBC8CE7BBB4E5858BE5A49AE69BB4E5969CE6ACA2E5928CE5B08FE58AA8E789A9E4BBACE5BE85E59CA8E4B880E8B5B7E380823C2F7370616E3E3C62723E3C7370616E3EE899BDE784B6E4BD9CE4B8BAE982AEE5B7AEE6AF8FE5A4A9E983BDE4BC9AE7BB8FE6898BE5BE88E5A49AE4BFA1E4BBB6EFBC8CE4BD86E4BB8EE6B2A1E69C89E4B880E5B081E698AFE7BB99E4BB96E887AAE5B7B1E79A84E380823C2F7370616E3E3C62723E3C7370616E3EE4B88DE8BF87E5BE97E79B8AE4BA8EE4BB96E59CA8E4B880E59CBAE781ABE781BEE4B8ADE79A84E88BB1E58B87E8A1A8E78EB0EFBC8CE4BABAE4BBACE5AFB9E7BBB4E5858BE5A49AE4BFA1E4BBBBE69C89E58AA0E38082E8808CE4BB96E4BB8EE781ABE59CBAE4B8ADE69591E587BAE79A84E5B08FE78B97E5A881E5858BEFBC8CE4B99FE4B880E79BB4E4BCB4E99A8FE4BB96E7A9BFE8A18CE59CA8E8A197E5B7B7E4B8ADE5AE8CE68890E982AEE98092E5B7A5E4BD9CE380823C2F7370616E3E3C62723E3C7370616E3EE7BBB4E5858BE5A49AE69C80E5969CE6ACA2E8A782E79C8BE4BABAE4BBACE694B6E588B0E4BFA1E4BBB6E697B6E982A3E4B880E588BBE79A84E8A1A8E68385EFBC9AE6849FE58AA8EFBC8CE6838AE8AEB6EFBC8CE5A4B1E69C9BEFBC8CE5969CE682A6C2B7C2B7C2B7C2B7C2B7C2B7E4BB96E99D9EE5B8B8E4BAABE58F97E887AAE5B7B1E883BDE68890E4B8BAE4BB96E4BABAE4BCA0E8BEBEE7A781E5AF86E79A84E585B3E994AEE38082E4BB96E7AC83E4BFA1EFBC8CE4BABAE4BBACE99DA2E5AFB9E99DA2E79A84E8AF9DE8AFADE58585E6BBA1E4BA86E8999AE4BCAAE5928CE8B08EE8A880EFBC8CE89299E894BDE4BA86E79C9FE5BF83E38082E79C9FE6ADA3E9878DE8A681E79A84E7A798E5AF86E5928CE5BF83E6848FEFBC8CE58899E8978FE59CA8E982A3E4BA9BE5AD97E9878CE8A18CE997B4EFBC8CE99D99E99D99E59CB0E7AD89E5BE85E4BB96E79A84E4BCA0E98092E380823C2F7370616E3E3C62723E3C7370616E3EE5BD93E69DA5E887AAE5BA84E59BADE4B8BBE79A84E98280E8AFB7E587BDE58F91E887B3E697B6EFBC8CE7BBB4E5858BE5A49AE7BB88E4BA8EE694B6E588B0E4BA86E887AAE5B7B1E7949FE5B9B3E79A84E7ACACE4B880E5B081E4BFA1E4BBB6E38082E4BB96E58DB3E588BBE5B0B1E79BB8E4BFA1E4BA86E587BDE4BBB6E4B8ADE79A84E8AF9AE68C9AE98280E8AFB7EFBC8CE68080E79D80E6BF80E58AA8E79A84E5BF83E68385E4B88EE5B08FE78B97E5A881E5858BE4B880E8B5B7E5898DE5BE80E5BA84E59BADE380823C2F7370616E3E3C62723E3C62723E3C7370616E3EE68A80E883BDE5B086E59CA8E5908EE69C9FE585ACE5BC80EFBC8CE78EB0E59CA8EFBC8CE8AEA9E68891E4BBACE6ACA2E8BF8EE8BF99E4BD8DE58DB3E5B086E980A0E8AEBFE5BA84E59BADE79A84E696B0E69C8BE58F8BE380823C2F7370616E3E3C62723E3C703E3C7370616E3EC2B7C2B7C2B7C2B7C2B7C2B7E59494EFBC8CE8BF98E5B8A6E79D80E4B880E58FAAE98081E4BFA1E79A84E5B08FE78B97E78B97EFBC9F3C2F7370616E3E3C2F703E3C703E3C696D67207372633D2268747470733A2F2F7778322E73696E61696D672E636E2F6D773639302F3030364879514B476C793167396264646A633338686A33316863307530316B782E6A7067223E3C2F703E3C2F703E, '1', 36, '20191205165229', '5');
INSERT INTO `news` VALUES (172, '20191205\\20191205_1654899.jpg', '第五人格联动', 0x3C703E3C7370616E3EE58092E8AEA1E697B636E5A4A9EFBC81E7ACACE4BA94E4BABAE6A0BCC397E5A5B3E7A59EE5BC82E997BBE5BD9535E88194E58AA8E5868DE9A284E5918AEFBC813C2F7370616E3E3C62723E3C62723E3C7370616E3EE38090E5A5B3E7A59EE5BC82E997BBE5BD9535E88194E58AA8E5AE9DE7AEB12D506572736F6E6135E88194E58AA8E7B2BEE58D8E32E4B88AE7BABFE380913C2F7370616E3E3C62723E3C7370616E3EE697B6E997B4EFBC9A32303139E5B9B43131E69C8837E697A52D32303139E5B9B43131E69C883238E697A53C2F7370616E3E3C62723E3C7370616E3E312EE5A5B3E7A59EE5BC82E997BBE5BD9535E88194E58AA8E7ACACE4BA8CE5BCB9E5BC80E590AFEFBC8CE88194E58AA8E5AE9DE7AEB1E38090506572736F6E6135E88194E58AA8E7B2BEE58D8E32E38091E4B88AE7BABFEFBC8CE78EA9E5AEB6E58FAFE4BB8EE4B8ADE88EB7E58F96E88194E58AA8E79BB8E585B3E7A880E4B896E697B6E8A3852DE6988EE699BAE590BEE9838EE38081E5A587E78F8DE697B6E8A3852DE696B0E5B29BE79C9FE38081E5A587E78F8DE697B6E8A3852DE4BD90E4BB93E58F8CE58FB6E38081E5A587E78F8DE697B6E8A3852DE5A5A5E69D91E698A5E38081E4B8AAE680A7E58AA8E4BD9CE38081E5A4B4E5838FE5928CE6B682E9B8A6E7AD89E789A9E59381E380823C2F7370616E3E3C62723E3C7370616E3E322EE88194E58AA8E69C9FE997B4E68EA8E79086E4B98BE5BE84E4B88AE38090E7A59EE7A798E79A84E7B2BEE58D8EE38091E5B086E8A2ABE69BBFE68DA2E4B8BAE38090506572736F6E6135E88194E58AA8E7B2BEE58D8E32E38091E380823C2F7370616E3E3C62723E3C7370616E3E332EE88194E58AA8E7BB93E69D9FE5908EEFBC8CE8B59BE5ADA3E7BB93E69D9FE5898DEFBC8CE68EA8E79086E4B98BE5BE84E4B88AE79A84E38090506572736F6E6135E88194E58AA8E7B2BEE58D8E32E38091EFBC8CE5B086E8A2ABE69BBFE68DA2E4B8BAE8B59BE5ADA3E7B2BEE58D8E323C2F7370616E3E3C62723E3C62723E3C7370616E3EE38090E5A5B3E7A59EE5BC82E997BBE5BD9535E88194E58AA8E5AE9DE7AEB12D506572736F6E6135E88194E58AA8E7B2BEE58D8E31E8BF94E59CBAE380913C2F7370616E3E3C62723E3C7370616E3EE697B6E997B4EFBC9A32303139E5B9B43131E69C8838E697A52D32303139E5B9B43131E69C883238E697A53C2F7370616E3E3C62723E3C7370616E3E312EE88194E58AA8E5AE9DE7AEB1E38090506572736F6E6135E88194E58AA8E7B2BEE58D8E31E38091E8BF94E59CBAEFBC8CE78EA9E5AEB6E58FAFE4BB8EE4B8ADE88EB7E58F96E88194E58AA8E79BB8E585B3E7A880E4B896E697B6E8A3852DE99BA8E5AEABE88EB2E38081E5A587E78F8DE697B6E8A3852DE59D82E69CACE9BE99E58FB8E38081E5A587E78F8DE697B6E8A3852DE9AB98E58DB7E69D8FE38081E5A587E78F8DE697B6E8A3852DE5969CE5A49AE5B79DE7A590E4BB8BE38081E4B8AAE680A7E58AA8E4BD9CE38081E5A4B4E5838FE5928CE6B682E9B8A6E7AD89E789A9E59381E380823C2F7370616E3E3C62723E3C7370616E3E322EE8BF94E59CBAE5AE9DE7AEB1E5B086E4B88EE7ACACE4B880E5BCB9E5AE9DE7AEB1E585B1E4BAABE7B4AFE58AA0E6A682E78E87E5928CE4BF9DE5BA95E6ACA1E695B03C2F7370616E3E3C62723E3C62723E3C7370616E3EE38090E58F8DE68A97E4B98BE9AD82E7B3BBE7BB9FE8B083E695B4E380913C2F7370616E3E3C62723E3C7370616E3E312EE59CA8E694B6E99B86E7ACACE4B880E5BCB9E6B4BBE58AA8E79BB8E585B3E58F8DE9A688E5908EEFBC8CE4B8BAE4BA86E78EA9E5AEB6E69BB4E5A5BDE79A84E6B8B8E6888FE4BD93E9AA8CEFBC8CE59CA8E69CACE6ACA1E88194E58AA8E4B8ADEFBC8CE68891E4BBACE5B086E5AFB9E58F8DE68A97E4B98BE9AD82E79A84E88EB7E58F96E8A784E58899E8BF9BE8A18CE8B083E695B4EFBC8CE58F8DE68A97E4B98BE9AD82E5B086E4B88DE5868DE4BB8EE5AE9DE7AEB1E4B8ADE99A8FE69CBAE68E89E890BDE38082E58F96E8808CE4BBA3E4B98BE79A84EFBC8CE6AF8FE68ABDE58F9636E6ACA1E79BB8E585B3E5AE9DE7AEB1E5908EEFBC8CE7B3BBE7BB9FE5B086E9809AE8BF87E982AEE4BBB6E887AAE58AA8E59091E78EA9E5AEB6E58F91E98081E4B880E69E9AE58F8DE68A97E4B98BE9AD82E380823C2F7370616E3E3C62723E3C7370616E3E322EE38090506572736F6E6135E88194E58AA8E7B2BEE58D8E31E38091E4B88EE38090506572736F6E61E88194E58AA8E7B2BEE58D8E32E38091E983BDE5BA94E794A8E6ADA4E8A784E58899E380823C2F7370616E3E3C62723E3C7370616E3E332EE38090506572736F6E6135E88194E58AA8E7B2BEE58D8E31E38091E4B88EE38090506572736F6E61E88194E58AA8E7B2BEE58D8E32E38091E68ABDE58F96E6ACA1E695B0E5B086E58886E5BC80E8AEA1E7AE97E380823C2F7370616E3E3C62723E3C62723E3C7370616E3EE38090E5A5B3E7A59EE5BC82E997BBE5BD9535E88194E58AA8E6B4BBE58AA82DE680AAE79B97E59BA2E79A84E5AE89E58FAFE6BC94E587BAE380913C2F7370616E3E3C62723E3C7370616E3EE697B6E997B4EFBC9A32303139E5B9B43131E69C8837E697A52D32303139E5B9B43131E69C883230E697A53C2F7370616E3E3C62723E3C703E3C7370616E3EE5BF83E4B98BE680AAE79B97E59BA2E5868DE4B8B4EFBC8CE6B4BBE58AA8E69C9FE997B4E6AF8FE697A5E799BBE99986E6B8B8E6888FE5B9B6E5AE8CE68890E79BB8E5BA94E4BBBBE58AA1EFBC8CE58DB3E58FAFE88EB7E5BE97E695B0E9878FE58FAFE8A782E79A84E38090506572736F6E6135E88194E58AA8E7B2BEE58D8E32E38091E4BD9CE4B8BAE5A596E58AB1E380823C2F7370616E3E3C2F703E3C703E3C696D67207372633D2268747470733A2F2F7778342E73696E61696D672E636E2F6D773639302F3030364879514B476C7931673869703434767461316A3333757736363837776A2E6A7067223E3C2F703E3C703E3C696D67207372633D2268747470733A2F2F7778342E73696E61696D672E636E2F6D773639302F3030364879514B476C7931673869703439396471626A33307971316A6B7475622E6A7067223E3C2F703E3C703E3C696D67207372633D2268747470733A2F2F7778312E73696E61696D672E636E2F6D773639302F3030364879514B476C793167386970343733706B696A33307971316A6B617A372E6A7067223E3C2F703E3C703E3C696D67207372633D2268747470733A2F2F7778322E73696E61696D672E636E2F6D773639302F3030364879514B476C7931673869703430346B79676A33307971316A6B716F372E6A7067223E3C2F703E3C2F703E, '4', 36, '20191205165448', '60');
INSERT INTO `news` VALUES (173, '20191205\\20191205_1657536.jpg', '年底盛事COA要来了！', 0x3C703E3C7370616E3E434F41E285A2E5B086E4BA8E3132E69C883132E697A5E6ADA3E5BC8FE5BC80E590AFE68AA5E5908DEFBC8CE680BBE5A596E98791E6B1A0323030E4B887EFBC8CE69C9FE5BE85E585A8E79083E59084E8B7AFE5BCBAE9989FE4BA89E5A4BAE594AFE4B880E79A84E586A0E5869BE5A596E69DAFE380823C2F7370616E3E3C62723E3C62723E3C7370616E3EE6AF94E8B59BE8A681E68993EFBC8CE8A1A3E69C8DE4B99FE8A681E7A9BFE28094E280943C2F7370616E3E3C62723E3C703E3C7370616E3EE697B6E8A385342F6EEFBC8CE58588E8A18CE78886E69699EFBC8120E2808BE2808BE2808BE2808B3C2F7370616E3E3C2F703E3C703E3C696D67207372633D2268747470733A2F2F7778332E73696E61696D672E636E2F6D773639302F3030364879514B476C793167396765397279636E366A33333334317169316B792E6A7067223E3C2F703E3C2F703E, '5', 36, '20191205165750', '25');
INSERT INTO `news` VALUES (174, '20191205\\20191205_1716729.jpg', '祭祀新皮肤', 0x3C703E3C7370616E3EE6BC94E7BB8EE4B98BE6989F20E7A5ADE58FB82DE69292E78E9BE68B893C2F7370616E3E3C62723E3C703E3C7370616E3EE6AF8FE4B880E59CBAE78CAEE7A5ADEFBC8CE983BDE99C80E8A681E789BAE789B2E4BDA0E4BB85E69C89E79A84EFBC8CE69DA5E68DA2E58F96E4BDA0E5A5A2E69C9BE79A84E380823C2F7370616E3E3C2F703E3C703E3C696D67207372633D2268747470733A2F2F7778322E73696E61696D672E636E2F6D773639302F3030364879514B476C793167386273376B353739616A3332366B3333343471742E6A7067223E3C2F703E3C2F703E, '2', 37, '20191205171630', '35');
INSERT INTO `news` VALUES (175, '20191205\\20191205_1717732.jpg', 'Merry Christmas!!!', 0x3C703E3C7370616E3EE581B7E8B791E4B880E5BCA03C2F7370616E3E3C62723E3C703E3C7370616E3EE69C89E79A84E4BABAE6B4BBE59CA83131E69C88EFBC8CE781B5E9AD82E5B7B2E7BB8FE9A398E588B0E59CA3E8AF9EE4BA86F09F8E84F09F8E85266E6273703B3C2F7370616E3E3C2F703E3C703E3C696D67207372633D2268747470733A2F2F7778312E73696E61696D672E636E2F6D773639302F3030364879514B476C7931673934653476696D68386A33316B773075307176392E6A7067223E3C2F703E3C703EE6B8B8E6888FE585A5E58FA3EFBC9A68747470733A2F2F6964352E3136332E636F6D2F6661622F3C2F703E3C2F703E, '3', 38, '20191205171940', '31');
INSERT INTO `news` VALUES (189, '20200102\\20200102_1222302.jpg.jpg', '阿尔萨斯', 0x3C703EE998BFE5B094E890A8E696AF3C2F703E3C703E3C696D67207372633D2268747470733A2F2F74696D6773612E62616964752E636F6D2F74696D673F696D61676526616D703B7175616C6974793D383026616D703B73697A653D62393939395F313030303026616D703B7365633D3135373739343930333632363126616D703B64693D633032336330303836613364386234363536356235353662303864623835363426616D703B696D67747970653D6A706726616D703B7372633D68747470253341253246253246696D67322E696D67746E2E6264696D672E636F6D2532466974253246752533443431313534323538363725324332313232323833333434253236666D2533443231342532366770253344302E6A7067223E3C2F703E, '2', 37, '20200102122246', '12');
INSERT INTO `news` VALUES (191, '20200102\\20200102_1311964.jpg', '太好看了吧', 0x3C703E3C696D67207372633D2268747470733A2F2F74696D6773612E62616964752E636F6D2F74696D673F696D61676526616D703B7175616C6974793D383026616D703B73697A653D62393939395F313030303026616D703B7365633D3135373739353139313437373926616D703B64693D373030386136323330636134316663333737326261326333316435346664613026616D703B696D67747970653D6A706726616D703B7372633D68747470253341253246253246356230393838653539353232352E63646E2E736F687563732E636F6D253246696D61676573253246323031383034323525324664393535363734323933393734303438616434373862366131633439663234622E6A706567223E3C2F703E, '4', 2, '20200102131126', '6');
INSERT INTO `news` VALUES (192, '20200102\\20200102_131370.jpg', '再给娱乐加一个帖子', 0x3C703E3C696D67207372633D2268747470733A2F2F7373302E62647374617469632E636F6D2F37306346754853685F5131596E78476B706F574B314846366868792F69742F753D333139383539313434312C3237373036343034313726616D703B666D3D323626616D703B67703D302E6A7067223E3C2F703E, '2', 2, '20200102131319', '12');
INSERT INTO `news` VALUES (193, '20200102\\20200102_1514105.jpg', '为了报告', 0xE4BA8CE4BA8CE4B99DE4BA8CE4BA8CE4BA94E59084E4BD8DE59084E4BD8D, '4', 37, '20200102151501', '3');
INSERT INTO `news` VALUES (194, '20200102\\20200102_170235.jpg', '测试', 0xE6B58BE8AF95E794A8, '5', 1248, '20200102170211', '2');
INSERT INTO `news` VALUES (195, '', '功能', 0xE68891E8BF98E698AFE4B88DE694BEE58187, '2', 2, '20200103191414', '1');

-- ----------------------------
-- Table structure for newsclass
-- ----------------------------
DROP TABLE IF EXISTS `newsclass`;
CREATE TABLE `newsclass`  (
  `id` int(11) NOT NULL AUTO_INCREMENT,
  `clsname` varchar(20) CHARACTER SET utf8 COLLATE utf8_general_ci NULL DEFAULT NULL,
  PRIMARY KEY (`id`) USING BTREE
) ENGINE = InnoDB AUTO_INCREMENT = 6 CHARACTER SET = utf8 COLLATE = utf8_general_ci ROW_FORMAT = Dynamic;

-- ----------------------------
-- Records of newsclass
-- ----------------------------
INSERT INTO `newsclass` VALUES (1, '社会');
INSERT INTO `newsclass` VALUES (2, '娱乐');
INSERT INTO `newsclass` VALUES (3, '军事');
INSERT INTO `newsclass` VALUES (4, '体育');
INSERT INTO `newsclass` VALUES (5, '财经');

-- ----------------------------
-- Table structure for user
-- ----------------------------
DROP TABLE IF EXISTS `user`;
CREATE TABLE `user`  (
  `id` int(11) NOT NULL AUTO_INCREMENT,
  `image` varchar(255) CHARACTER SET utf8 COLLATE utf8_general_ci NULL DEFAULT NULL,
  `name` varchar(255) CHARACTER SET utf8 COLLATE utf8_general_ci NOT NULL,
  `mima` varchar(255) CHARACTER SET utf8 COLLATE utf8_general_ci NOT NULL,
  `ip` varchar(20) CHARACTER SET utf8 COLLATE utf8_general_ci NULL DEFAULT NULL,
  `authority` int(1) NULL DEFAULT NULL,
  PRIMARY KEY (`id`) USING BTREE,
  UNIQUE INDEX `name`(`name`) USING BTREE,
  INDEX `ip_index`(`ip`) USING BTREE
) ENGINE = InnoDB AUTO_INCREMENT = 1249 CHARACTER SET = utf8 COLLATE = utf8_general_ci ROW_FORMAT = Dynamic;

-- ----------------------------
-- Records of user
-- ----------------------------
INSERT INTO `user` VALUES (1, 'resources/headimg/18637821604685232.jpg', '管理员1', 'aaaaaa', '0:0:0:0:0:1:1:1', 1);
INSERT INTO `user` VALUES (2, 'resources/headimg/18637821604685232.jpg', 'guanliyuan', 'aaaaaa', '0:0:0:0:0:1:1:2', 1);
INSERT INTO `user` VALUES (36, 'resources/headimg/18637821604685232.jpg', '丑萌的猫', '123456', '0:0:0:0:0:0:0:1', 0);
INSERT INTO `user` VALUES (37, 'resources/headimg/109951163418100580.jpg', 'Baum', '111111', '223.104.212.10', 0);
INSERT INTO `user` VALUES (38, 'resources/headimg/18630125023235471.jpg', '大小姐', '222222', '223.104.210.150', 0);
INSERT INTO `user` VALUES (1248, NULL, '死海古卷2.0', '123456', NULL, 0);

SET FOREIGN_KEY_CHECKS = 1;
